kmer	current_skew	current_mean	current_std	current_model_ks_stat	dwell_skew	dwell_mean	dwell_std	dwell_model_ks_stat
AAAAA	0.014	109.683	2.662	0.038	1.137	-2.028	0.461	0.081
AAAAC	-0.136	108.293	2.535	0.027	0.714	-1.924	0.417	0.037
AAAAG	0.055	104.356	3.034	0.027	0.812	-2.155	0.383	0.090
AAAAT	0.046	113.327	2.417	0.022	0.647	-1.918	0.418	0.037
AAACA	-0.076	99.061	3.313	0.025	0.643	-2.112	0.336	0.047
AAACC	-0.064	99.438	3.731	0.016	0.551	-2.113	0.329	0.045
AAACG	-0.064	101.378	4.089	0.016	0.680	-2.140	0.320	0.048
AAACT	-0.350	106.318	3.565	0.055	0.788	-2.020	0.385	0.040
AAAGA	0.300	110.998	2.969	0.040	0.597	-1.909	0.396	0.027
AAAGC	0.083	109.041	3.506	0.031	0.542	-2.102	0.367	0.056
AAAGG	0.015	109.210	2.913	0.028	0.750	-2.030	0.374	0.050
AAAGT	-0.101	109.097	3.160	0.021	0.604	-1.936	0.384	0.026
AAATA	-0.241	114.638	2.682	0.034	0.439	-1.926	0.374	0.026
AAATC	-0.222	112.748	2.967	0.037	0.454	-1.991	0.386	0.036
AAATG	-0.370	111.199	4.025	0.048	0.712	-2.033	0.359	0.038
AAATT	-0.282	116.466	2.529	0.035	0.378	-1.840	0.378	0.028
AACAA	0.103	88.018	2.950	0.026	0.816	-2.109	0.351	0.055
AACAC	-0.181	89.023	3.245	0.029	0.588	-2.091	0.332	0.040
AACAG	0.268	87.231	2.708	0.039	0.444	-2.007	0.374	0.039
AACAT	-0.020	87.963	2.826	0.018	0.842	-2.093	0.358	0.055
AACCA	0.076	83.269	2.465	0.024	0.530	-2.051	0.332	0.034
AACCC	-0.148	84.527	2.791	0.031	0.564	-2.060	0.327	0.038
AACCG	0.166	84.875	2.573	0.031	0.506	-2.087	0.337	0.046
AACCT	-0.107	84.140	2.997	0.024	0.719	-2.071	0.336	0.039
AACGA	0.271	78.461	2.628	0.021	0.516	-1.882	0.376	0.027
AACGC	0.317	79.212	4.518	0.045	0.953	-2.098	0.348	0.059
AACGG	0.104	83.355	2.995	0.025	0.474	-1.962	0.378	0.033
AACGT	0.338	79.712	3.290	0.037	0.579	-1.958	0.389	0.035
AACTA	0.032	93.328	2.237	0.029	0.483	-1.986	0.359	0.030
AACTC	-0.199	92.899	2.384	0.034	0.712	-2.035	0.340	0.036
AACTG	0.250	93.448	2.599	0.037	0.524	-2.031	0.360	0.036
AACTT	-0.125	92.962	2.926	0.028	0.723	-2.080	0.334	0.041
AAGAA	0.033	122.719	5.238	0.030	0.563	-2.065	0.350	0.047
AAGAC	-0.154	122.160	5.107	0.037	0.750	-2.113	0.337	0.057
AAGAG	-0.042	123.400	4.834	0.024	0.499	-2.046	0.356	0.046
AAGAT	0.076	124.664	6.628	0.077	0.647	-2.077	0.348	0.046
AAGCA	-0.097	107.271	3.579	0.023	0.683	-2.032	0.379	0.041
AAGCC	-0.007	103.243	3.128	0.024	0.424	-2.010	0.395	0.044
AAGCG	-0.009	110.301	3.180	0.012	0.293	-1.913	0.417	0.035
AAGCT	0.130	111.591	2.861	0.014	0.538	-1.904	0.399	0.026
AAGGA	0.366	114.170	4.990	0.060	0.429	-2.126	0.321	0.041
AAGGC	-0.073	117.058	4.922	0.024	0.473	-2.061	0.392	0.057
AAGGG	-0.179	114.795	5.154	0.035	0.377	-2.136	0.326	0.055
AAGGT	0.200	115.486	5.137	0.048	0.404	-2.061	0.345	0.040
AAGTA	-0.161	120.570	4.828	0.030	0.825	-2.064	0.366	0.050
AAGTC	-0.250	116.289	4.691	0.039	0.979	-2.086	0.363	0.056
AAGTG	-0.156	118.609	4.216	0.026	0.496	-1.981	0.381	0.038
AAGTT	-0.084	120.194	4.540	0.033	0.694	-2.006	0.377	0.041
AATAA	0.056	96.757	5.129	0.020	0.720	-2.098	0.363	0.054
AATAC	0.141	100.586	5.755	0.029	0.748	-2.117	0.334	0.053
AATAG	0.080	98.970	4.696	0.021	0.793	-2.102	0.369	0.060
AATAT	0.001	98.008	5.186	0.016	0.745	-2.113	0.348	0.052
AATCA	0.063	99.204	4.760	0.021	0.723	-2.129	0.329	0.053
AATCC	0.011	101.905	5.329	0.023	0.732	-2.162	0.314	0.060
AATCG	0.116	100.866	5.071	0.025	0.693	-2.160	0.319	0.061
AATCT	0.005	101.234	5.734	0.023	0.907	-2.164	0.321	0.058
AATGA	0.211	83.910	3.249	0.031	0.531	-1.879	0.389	0.039
AATGC	0.295	80.580	3.830	0.027	0.574	-1.925	0.391	0.039
AATGG	0.098	88.699	3.813	0.014	0.512	-1.962	0.377	0.033
AATGT	0.273	81.433	3.465	0.032	0.810	-1.890	0.398	0.046
AATTA	0.049	100.115	4.115	0.020	0.600	-2.065	0.358	0.044
AATTC	-0.067	101.105	4.488	0.019	0.688	-2.108	0.336	0.048
AATTG	0.104	100.932	4.740	0.019	0.724	-2.111	0.358	0.056
AATTT	-0.036	99.831	5.405	0.021	0.843	-2.123	0.337	0.054
ACAAA	-0.101	82.642	3.334	0.029	0.458	-2.017	0.343	0.036
ACAAC	-0.015	81.128	2.351	0.028	0.509	-1.997	0.356	0.035
ACAAG	0.129	79.920	3.652	0.021	0.432	-1.969	0.355	0.030
ACAAT	-0.141	84.186	2.993	0.043	0.589	-2.024	0.362	0.045
ACACA	-0.200	73.543	2.245	0.036	0.511	-2.001	0.358	0.035
ACACC	0.464	71.939	1.889	0.046	0.553	-1.995	0.362	0.036
ACACG	0.376	74.836	2.051	0.044	0.183	-1.855	0.393	0.023
ACACT	0.150	77.774	1.921	0.015	0.651	-2.020	0.355	0.039
ACAGA	0.067	94.694	7.728	0.064	0.893	-2.149	0.344	0.067
ACAGC	-0.103	89.480	4.423	0.018	0.724	-2.096	0.337	0.050
ACAGG	0.108	84.358	5.543	0.038	0.667	-2.141	0.340	0.058
ACAGT	0.009	92.692	4.924	0.021	0.657	-2.063	0.345	0.047
ACATA	-0.141	81.027	2.238	0.041	0.505	-1.952	0.400	0.039
ACATC	-0.144	78.860	2.177	0.025	0.382	-1.980	0.370	0.033
ACATG	-0.037	79.310	2.057	0.025	0.351	-1.903	0.402	0.030
ACATT	-0.157	84.073	2.242	0.039	0.413	-1.967	0.386	0.037
ACCAA	0.216	75.043	1.944	0.039	0.470	-2.014	0.344	0.034
ACCAC	0.334	74.196	1.748	0.048	0.636	-2.082	0.362	0.053
ACCAG	0.321	73.446	2.628	0.041	0.615	-2.059	0.369	0.055
ACCAT	0.347	75.134	1.731	0.037	0.491	-2.022	0.342	0.035
ACCCA	0.467	66.778	2.220	0.039	0.696	-2.044	0.339	0.040
ACCCC	0.424	66.851	2.252	0.056	0.638	-2.100	0.336	0.054
ACCCG	0.214	67.792	2.338	0.037	0.585	-2.046	0.336	0.039
ACCCT	0.497	68.834	2.338	0.061	0.723	-2.064	0.342	0.046
ACCGA	0.080	83.118	2.900	0.021	0.593	-2.026	0.353	0.038
ACCGC	0.294	77.521	2.174	0.026	0.566	-2.018	0.357	0.041
ACCGG	0.257	77.802	3.076	0.032	0.467	-2.027	0.339	0.035
ACCGT	0.186	78.215	2.294	0.021	0.511	-2.025	0.350	0.039
ACCTA	0.045	69.851	2.242	0.026	0.662	-2.024	0.349	0.039
ACCTC	0.282	69.841	2.106	0.033	0.642	-2.052	0.357	0.048
ACCTG	0.288	71.643	2.371	0.027	0.588	-2.054	0.327	0.037
ACCTT	0.107	72.538	2.034	0.039	0.811	-2.053	0.369	0.053
ACGAA	-0.189	85.172	4.580	0.035	0.808	-2.082	0.343	0.052
ACGAC	-0.150	85.038	4.390	0.026	0.646	-2.063	0.346	0.048
ACGAG	-0.253	83.650	4.701	0.059	0.798	-2.098	0.338	0.052
ACGAT	-0.174	87.844	4.539	0.028	0.658	-2.024	0.362	0.041
ACGCA	0.244	76.068	3.308	0.042	0.618	-1.960	0.390	0.039
ACGCC	0.216	74.352	2.820	0.045	0.429	-1.925	0.386	0.030
ACGCG	0.199	76.873	2.944	0.036	0.619	-1.980	0.392	0.044
ACGCT	-0.050	79.430	3.231	0.013	0.645	-2.021	0.356	0.044
ACGGA	-0.088	97.474	6.006	0.029	0.516	-2.006	0.370	0.031
ACGGC	-0.279	86.063	4.802	0.047	0.872	-2.105	0.343	0.064
ACGGG	0.039	83.730	5.377	0.034	0.663	-2.043	0.356	0.044
ACGGT	-0.048	89.586	4.896	0.021	0.683	-2.052	0.348	0.046
ACGTA	0.073	100.181	4.695	0.020	0.625	-2.164	0.331	0.070
ACGTC	0.314	78.199	3.512	0.047	0.582	-2.048	0.384	0.056
ACGTG	0.278	78.668	3.503	0.046	0.628	-2.044	0.387	0.053
ACGTT	-0.218	82.323	3.471	0.040	0.759	-2.091	0.354	0.052
ACTAA	0.219	86.375	2.328	0.034	0.489	-2.051	0.362	0.049
ACTAC	-0.029	86.199	2.394	0.031	0.658	-2.098	0.358	0.052
ACTAG	0.246	86.118	2.779	0.039	0.429	-2.063	0.332	0.041
ACTAT	0.272	86.157	2.164	0.041	0.624	-2.068	0.362	0.056
ACTCA	0.046	81.505	3.057	0.012	0.971	-2.194	0.324	0.076
ACTCC	0.175	80.119	2.804	0.025	0.710	-2.095	0.347	0.049
ACTCG	0.359	80.635	2.807	0.042	0.658	-2.063	0.364	0.052
ACTCT	0.059	83.440	2.628	0.031	0.715	-2.141	0.341	0.064
ACTGA	-0.049	93.661	3.191	0.016	0.636	-2.041	0.362	0.046
ACTGC	0.204	85.870	2.359	0.022	0.532	-2.025	0.366	0.045
ACTGG	0.217	87.559	3.123	0.026	0.625	-2.028	0.354	0.041
ACTGT	0.220	87.051	2.564	0.030	0.639	-2.026	0.360	0.044
ACTTA	0.262	77.671	2.295	0.037	0.599	-1.988	0.376	0.040
ACTTC	0.173	80.147	2.745	0.021	0.815	-2.142	0.335	0.068
ACTTG	0.258	79.997	2.323	0.028	0.660	-2.022	0.365	0.044
ACTTT	-0.007	82.157	2.572	0.025	1.161	-2.139	0.370	0.079
AGAAA	-0.140	129.176	3.633	0.033	0.278	-1.845	0.383	0.029
AGAAC	-0.145	130.385	3.357	0.026	0.191	-1.819	0.372	0.024
AGAAG	-0.147	124.610	3.891	0.014	0.228	-1.912	0.387	0.023
AGAAT	-0.095	131.408	3.018	0.030	0.145	-1.792	0.376	0.029
AGACA	-0.119	126.593	3.026	0.028	0.345	-1.814	0.365	0.028
AGACC	-0.125	127.079	2.954	0.021	0.306	-1.824	0.358	0.025
AGACG	-0.221	128.754	3.127	0.029	0.261	-1.792	0.361	0.022
AGACT	-0.193	131.243	2.823	0.028	0.316	-1.755	0.353	0.028
AGAGA	-0.046	130.232	3.491	0.019	0.372	-1.984	0.419	0.048
AGAGC	-0.062	130.285	3.577	0.023	0.257	-1.885	0.417	0.029
AGAGG	-0.148	124.748	3.834	0.022	0.233	-1.945	0.422	0.041
AGAGT	0.015	130.289	3.224	0.031	0.257	-1.906	0.445	0.043
AGATA	-0.124	135.403	3.229	0.028	0.250	-1.759	0.348	0.032
AGATC	-0.007	135.528	2.962	0.017	0.290	-1.781	0.345	0.032
AGATG	-0.215	134.656	3.540	0.040	0.302	-1.759	0.361	0.033
AGATT	-0.115	138.317	3.004	0.015	0.319	-1.744	0.336	0.032
AGCAA	-0.165	115.622	3.028	0.018	0.465	-1.926	0.356	0.027
AGCAC	-0.246	117.500	2.981	0.026	0.492	-1.929	0.345	0.024
AGCAG	-0.128	112.741	3.262	0.023	0.562	-2.018	0.367	0.041
AGCAT	-0.177	115.315	2.979	0.018	0.554	-1.920	0.357	0.024
AGCCA	-0.198	109.569	2.719	0.026	0.818	-1.943	0.371	0.037
AGCCC	-0.254	111.275	2.790	0.029	0.998	-1.955	0.366	0.038
AGCCG	-0.137	110.456	2.676	0.029	0.625	-1.944	0.363	0.035
AGCCT	-0.216	111.312	2.787	0.023	0.685	-1.908	0.372	0.030
AGCGA	-0.180	107.785	7.036	0.064	0.485	-2.035	0.350	0.034
AGCGC	-0.313	111.945	5.711	0.058	0.400	-1.974	0.350	0.033
AGCGG	-0.310	109.364	6.070	0.065	0.462	-2.090	0.335	0.040
AGCGT	-0.322	108.794	6.258	0.058	0.366	-2.031	0.336	0.025
AGCTA	-0.204	117.383	2.982	0.029	0.398	-1.894	0.361	0.021
AGCTC	-0.252	118.240	2.787	0.029	0.409	-1.924	0.346	0.024
AGCTG	-0.199	117.609	3.035	0.021	0.468	-1.931	0.357	0.028
AGCTT	-0.152	118.496	3.047	0.021	0.360	-1.891	0.350	0.023
AGGAA	0.070	117.644	3.011	0.016	0.340	-1.894	0.422	0.031
AGGAC	0.065	116.177	3.043	0.021	0.379	-1.892	0.410	0.030
AGGAG	0.174	116.997	2.978	0.024	0.303	-1.921	0.418	0.034
AGGAT	0.165	120.953	3.157	0.022	0.470	-1.925	0.399	0.030
AGGCA	-0.110	109.831	4.428	0.026	0.385	-1.978	0.390	0.037
AGGCC	-0.045	110.189	4.540	0.016	0.441	-1.952	0.374	0.029
AGGCG	0.057	111.955	3.835	0.016	0.224	-1.889	0.382	0.022
AGGCT	0.129	120.893	3.965	0.025	0.238	-1.934	0.433	0.044
AGGGA	0.106	116.064	2.981	0.029	0.312	-1.887	0.426	0.031
AGGGC	-0.120	116.576	3.109	0.028	0.156	-1.808	0.429	0.025
AGGGG	0.216	113.967	3.398	0.039	0.425	-1.961	0.431	0.051
AGGGT	0.022	117.510	3.299	0.017	0.412	-1.936	0.422	0.042
AGGTA	-0.097	119.476	3.400	0.011	0.329	-1.901	0.420	0.033
AGGTC	-0.099	116.490	3.102	0.016	0.230	-1.864	0.425	0.029
AGGTG	-0.071	117.321	3.207	0.015	0.178	-1.834	0.410	0.026
AGGTT	-0.011	121.371	2.869	0.013	0.047	-1.764	0.422	0.043
AGTAA	-0.224	124.904	5.832	0.047	0.377	-1.963	0.332	0.026
AGTAC	-0.183	129.837	4.616	0.027	0.424	-1.935	0.322	0.030
AGTAG	-0.337	124.047	5.996	0.053	0.454	-2.022	0.341	0.031
AGTAT	-0.275	126.543	5.385	0.040	0.447	-1.950	0.327	0.027
AGTCA	-0.160	122.804	4.003	0.023	0.445	-1.944	0.335	0.026
AGTCC	-0.116	125.479	4.006	0.019	0.478	-1.948	0.342	0.028
AGTCG	-0.117	124.005	4.119	0.019	0.343	-1.927	0.327	0.024
AGTCT	-0.117	125.651	3.957	0.020	0.437	-1.895	0.345	0.027
AGTGA	0.253	97.271	5.839	0.042	0.616	-2.038	0.363	0.044
AGTGC	0.045	111.666	9.400	0.059	0.582	-2.023	0.362	0.045
AGTGG	0.033	112.793	8.877	0.055	0.524	-2.083	0.336	0.044
AGTGT	0.035	101.761	6.732	0.039	0.568	-2.038	0.353	0.042
AGTTA	-0.133	118.311	6.998	0.051	0.440	-2.055	0.332	0.033
AGTTC	-0.397	123.581	5.570	0.059	0.478	-2.000	0.328	0.034
AGTTG	-0.359	121.685	7.037	0.070	0.377	-2.019	0.332	0.030
AGTTT	-0.300	124.926	5.206	0.045	0.418	-1.956	0.326	0.022
ATAAA	-0.105	86.730	3.603	0.023	0.335	-1.943	0.364	0.027
ATAAC	-0.094	85.669	2.868	0.026	0.301	-1.943	0.372	0.028
ATAAG	0.008	83.438	3.796	0.019	0.404	-1.912	0.377	0.025
ATAAT	-0.096	89.534	3.379	0.019	0.430	-1.960	0.375	0.034
ATACA	-0.105	77.009	2.598	0.033	0.727	-2.002	0.378	0.045
ATACC	0.280	74.777	2.207	0.030	0.486	-2.002	0.362	0.038
ATACG	0.505	78.021	2.352	0.047	0.209	-1.873	0.388	0.026
ATACT	0.101	82.059	2.359	0.024	0.850	-2.026	0.369	0.047
ATAGA	-0.070	103.725	4.458	0.014	0.822	-2.043	0.380	0.055
ATAGC	0.067	92.202	3.484	0.014	0.456	-1.941	0.381	0.031
ATAGG	0.083	85.838	4.048	0.021	0.688	-2.042	0.401	0.061
ATAGT	0.014	94.109	3.736	0.012	0.502	-1.965	0.391	0.040
ATATA	-0.244	86.521	2.665	0.048	0.373	-1.955	0.403	0.040
ATATC	-0.231	83.653	2.968	0.046	0.471	-1.961	0.388	0.036
ATATG	-0.148	83.944	2.686	0.031	0.381	-1.923	0.396	0.029
ATATT	-0.186	90.216	2.738	0.041	0.356	-1.959	0.397	0.037
ATCAA	0.093	79.213	2.200	0.027	0.612	-1.998	0.355	0.034
ATCAC	0.543	78.752	2.307	0.068	0.700	-2.092	0.355	0.056
ATCAG	0.094	77.576	2.743	0.015	0.611	-2.014	0.349	0.036
ATCAT	0.329	79.545	1.976	0.041	0.843	-2.004	0.373	0.043
ATCCA	0.524	70.900	2.427	0.059	0.778	-2.042	0.348	0.043
ATCCC	0.311	69.871	2.328	0.041	0.797	-2.117	0.339	0.061
ATCCG	0.351	71.856	2.347	0.045	0.670	-2.015	0.338	0.033
ATCCT	0.339	73.537	2.380	0.066	0.647	-2.078	0.355	0.057
ATCGA	-0.004	84.532	2.365	0.016	0.465	-1.911	0.375	0.027
ATCGC	0.116	79.801	2.038	0.015	0.543	-1.962	0.358	0.034
ATCGG	0.097	80.864	2.560	0.017	0.521	-1.972	0.359	0.036
ATCGT	0.283	80.941	2.061	0.026	0.615	-1.940	0.380	0.042
ATCTA	-0.086	77.425	2.335	0.021	0.619	-2.018	0.363	0.042
ATCTC	0.214	76.771	2.125	0.039	0.417	-1.968	0.377	0.035
ATCTG	0.017	77.895	2.300	0.023	0.620	-2.025	0.343	0.036
ATCTT	0.238	79.134	2.233	0.045	0.502	-1.996	0.373	0.039
ATGAA	-0.088	94.161	5.402	0.033	0.645	-2.047	0.359	0.046
ATGAC	-0.127	94.805	5.367	0.035	0.671	-2.037	0.350	0.046
ATGAG	-0.141	92.588	5.365	0.040	0.738	-2.069	0.352	0.056
ATGAT	0.013	97.304	5.693	0.052	0.551	-2.010	0.356	0.034
ATGCA	-0.242	83.229	4.329	0.050	0.873	-2.091	0.349	0.055
ATGCC	-0.100	79.741	3.771	0.020	0.710	-2.012	0.372	0.043
ATGCG	-0.267	83.087	3.851	0.049	0.582	-2.043	0.369	0.043
ATGCT	-0.199	85.930	4.263	0.043	0.763	-2.049	0.364	0.050
ATGGA	-0.162	101.830	4.868	0.031	0.622	-1.990	0.379	0.047
ATGGC	-0.292	94.388	4.335	0.044	0.813	-2.082	0.363	0.061
ATGGG	-0.331	92.520	5.119	0.057	0.823	-2.104	0.353	0.063
ATGGT	-0.196	97.081	4.639	0.044	0.696	-2.022	0.370	0.046
ATGTA	-0.351	88.588	4.639	0.057	0.794	-2.079	0.365	0.054
ATGTC	-0.373	85.979	4.685	0.056	0.943	-2.090	0.359	0.060
ATGTG	-0.378	87.282	4.109	0.054	0.465	-2.016	0.370	0.041
ATGTT	-0.217	89.201	4.604	0.044	0.769	-2.051	0.375	0.053
ATTAA	0.036	85.077	2.413	0.036	0.539	-1.972	0.370	0.035
ATTAC	0.113	85.381	2.576	0.021	0.845	-2.081	0.368	0.054
ATTAG	-0.066	84.508	2.889	0.026	0.538	-1.995	0.360	0.036
ATTAT	0.349	85.420	2.140	0.038	0.524	-1.990	0.367	0.038
ATTCA	0.426	78.541	2.429	0.070	0.481	-2.002	0.371	0.041
ATTCC	0.396	77.426	2.469	0.054	0.763	-2.101	0.340	0.050
ATTCG	0.491	78.906	2.300	0.046	0.676	-1.981	0.376	0.040
ATTCT	0.195	81.266	2.407	0.038	0.870	-2.075	0.375	0.063
ATTGA	0.135	90.434	2.790	0.016	0.399	-1.881	0.392	0.025
ATTGC	0.164	84.016	2.280	0.012	0.450	-1.921	0.378	0.028
ATTGG	0.010	86.316	2.883	0.015	0.420	-1.936	0.368	0.028
ATTGT	0.129	85.392	2.377	0.014	0.500	-1.920	0.386	0.031
ATTTA	-0.081	77.641	2.277	0.030	0.691	-1.962	0.381	0.037
ATTTC	0.375	78.601	2.287	0.070	0.540	-1.984	0.390	0.042
ATTTG	-0.027	79.365	2.157	0.020	0.756	-1.976	0.369	0.040
ATTTT	0.154	80.938	2.411	0.028	0.870	-2.063	0.385	0.066
CAAAA	-0.365	106.768	3.221	0.042	1.039	-2.062	0.366	0.057
CAAAC	0.063	105.713	2.712	0.028	0.562	-1.986	0.354	0.034
CAAAG	-0.077	105.508	3.356	0.014	0.719	-2.075	0.346	0.052
CAAAT	-0.064	112.087	3.186	0.019	1.664	-2.067	0.384	0.068
CAACA	-0.386	92.106	2.401	0.067	0.512	-2.039	0.358	0.045
CAACC	-0.100	89.771	2.182	0.045	0.468	-2.039	0.349	0.041
CAACG	0.017	92.202	2.688	0.017	0.566	-2.023	0.346	0.035
CAACT	-0.514	96.320	2.588	0.070	0.462	-2.043	0.346	0.041
CAAGA	0.163	111.738	3.799	0.031	0.995	-1.995	0.398	0.056
CAAGC	-0.101	104.224	5.073	0.027	0.669	-2.044	0.346	0.038
CAAGG	0.085	108.466	3.333	0.016	0.744	-2.023	0.354	0.044
CAAGT	-0.030	106.469	3.967	0.019	0.807	-1.989	0.372	0.049
CAATA	-0.076	110.827	2.777	0.019	1.502	-1.978	0.398	0.065
CAATC	-0.135	107.991	2.517	0.019	0.635	-1.956	0.350	0.028
CAATG	-0.151	103.710	3.841	0.027	0.583	-2.034	0.354	0.042
CAATT	-0.076	110.266	2.724	0.023	1.102	-1.968	0.366	0.048
CACAA	0.010	81.247	2.486	0.040	0.654	-2.091	0.360	0.057
CACAC	0.103	80.672	2.515	0.029	0.748	-2.084	0.362	0.059
CACAG	-0.034	81.235	3.068	0.027	0.705	-2.085	0.330	0.040
CACAT	0.015	81.293	2.800	0.016	0.997	-2.139	0.355	0.072
CACCA	-0.416	75.809	2.379	0.055	0.868	-2.222	0.324	0.087
CACCC	-0.224	74.672	2.472	0.025	0.827	-2.156	0.319	0.059
CACCG	-0.046	76.374	2.386	0.040	0.616	-2.145	0.320	0.052
CACCT	-0.116	75.206	2.437	0.031	0.897	-2.160	0.348	0.073
CACGA	0.441	78.148	3.121	0.054	0.571	-2.045	0.351	0.037
CACGC	-0.099	77.095	3.794	0.035	0.753	-2.168	0.342	0.070
CACGG	0.063	79.564	2.937	0.031	0.662	-2.046	0.348	0.039
CACGT	0.014	79.873	3.898	0.020	0.755	-2.108	0.364	0.061
CACTA	-0.416	88.006	2.471	0.056	0.624	-2.102	0.332	0.048
CACTC	-0.284	85.822	2.335	0.037	0.790	-2.090	0.349	0.053
CACTG	-0.028	86.078	2.555	0.039	0.657	-2.026	0.353	0.037
CACTT	-0.238	84.885	2.601	0.031	0.701	-2.100	0.362	0.066
CAGAA	-0.026	109.061	4.675	0.015	0.961	-2.083	0.379	0.060
CAGAC	-0.035	108.465	4.567	0.022	0.824	-2.091	0.364	0.067
CAGAG	-0.037	107.571	4.793	0.019	0.852	-2.107	0.358	0.060
CAGAT	0.008	113.512	4.812	0.020	0.853	-2.043	0.389	0.054
CAGCA	-0.208	109.751	3.447	0.023	0.983	-2.059	0.359	0.052
CAGCC	-0.242	105.633	2.867	0.035	0.811	-2.080	0.342	0.056
CAGCG	-0.305	110.847	2.956	0.031	0.693	-1.949	0.386	0.035
CAGCT	-0.261	114.102	3.023	0.028	0.809	-2.065	0.350	0.053
CAGGA	0.449	101.398	8.060	0.074	0.937	-2.153	0.334	0.061
CAGGC	-0.236	115.856	5.422	0.036	0.582	-1.997	0.375	0.039
CAGGG	-0.068	91.468	6.004	0.034	1.156	-2.209	0.311	0.071
CAGGT	-0.024	116.982	4.981	0.031	0.412	-1.998	0.347	0.032
CAGTA	-0.288	126.233	3.485	0.032	0.479	-1.968	0.370	0.035
CAGTC	-0.100	120.817	3.575	0.023	0.871	-2.028	0.372	0.049
CAGTG	-0.121	121.645	3.598	0.024	0.640	-1.957	0.376	0.039
CAGTT	-0.248	125.230	3.240	0.027	0.529	-1.934	0.366	0.028
CATAA	-0.260	88.898	4.229	0.042	1.060	-2.218	0.349	0.100
CATAC	-0.146	88.966	4.451	0.038	0.632	-2.074	0.348	0.044
CATAG	0.070	91.098	3.750	0.023	0.806	-2.129	0.357	0.067
CATAT	-0.231	89.347	4.095	0.031	0.930	-2.205	0.338	0.087
CATCA	-0.074	86.696	3.393	0.023	0.574	-2.127	0.337	0.056
CATCC	-0.227	86.285	4.198	0.030	0.581	-2.105	0.318	0.043
CATCG	-0.171	88.197	3.494	0.031	0.595	-2.161	0.344	0.074
CATCT	-0.181	87.170	3.994	0.034	0.710	-2.117	0.345	0.056
CATGA	0.258	82.932	3.356	0.035	0.625	-2.047	0.348	0.040
CATGC	0.392	76.875	2.822	0.043	0.792	-1.992	0.394	0.046
CATGG	-0.161	85.347	3.342	0.028	0.529	-2.036	0.347	0.034
CATGT	0.456	78.553	2.813	0.051	1.049	-2.018	0.392	0.054
CATTA	-0.191	90.974	2.782	0.035	0.629	-2.138	0.343	0.065
CATTC	-0.187	89.325	3.585	0.035	0.788	-2.104	0.339	0.051
CATTG	-0.224	90.550	3.798	0.038	0.783	-2.189	0.351	0.087
CATTT	-0.078	88.060	4.219	0.038	0.798	-2.122	0.344	0.059
CCAAA	-0.193	89.010	3.654	0.029	0.527	-2.019	0.344	0.036
CCAAC	-0.172	85.985	2.662	0.024	0.651	-2.054	0.351	0.042
CCAAG	-0.044	87.356	3.974	0.019	0.696	-2.045	0.348	0.043
CCAAT	-0.049	91.072	3.075	0.015	0.628	-1.996	0.361	0.041
CCACA	-0.363	75.822	2.028	0.062	0.656	-2.056	0.358	0.050
CCACC	0.255	72.607	1.518	0.062	0.376	-2.004	0.389	0.045
CCACG	-0.257	75.298	1.818	0.051	0.295	-1.934	0.396	0.037
CCACT	-0.248	78.294	1.823	0.026	0.781	-2.031	0.357	0.042
CCAGA	0.193	76.564	3.951	0.031	1.913	-2.164	0.345	0.082
CCAGC	-0.057	94.768	3.736	0.020	0.533	-1.977	0.366	0.043
CCAGG	0.047	95.000	5.120	0.021	0.954	-2.082	0.369	0.070
CCAGT	-0.074	98.640	4.341	0.024	0.539	-1.973	0.360	0.034
CCATA	0.096	87.502	2.451	0.035	0.563	-1.980	0.396	0.046
CCATC	-0.137	84.942	2.296	0.027	0.672	-2.031	0.361	0.044
CCATG	0.094	83.169	2.326	0.035	0.515	-1.938	0.398	0.035
CCATT	-0.169	88.275	2.291	0.036	0.579	-1.991	0.373	0.040
CCCAA	-0.039	74.006	2.692	0.011	0.744	-2.069	0.337	0.041
CCCAC	-0.017	70.739	1.945	0.034	0.763	-2.082	0.333	0.048
CCCAG	-0.133	72.299	3.666	0.021	0.843	-2.166	0.323	0.060
CCCAT	-0.151	74.202	2.501	0.022	0.741	-2.076	0.327	0.052
CCCCA	0.329	63.433	2.141	0.045	0.340	-2.012	0.349	0.039
CCCCC	0.507	61.760	1.826	0.068	0.389	-2.016	0.384	0.040
CCCCG	0.285	64.538	2.632	0.058	0.481	-2.028	0.346	0.038
CCCCT	0.656	64.460	1.949	0.061	0.402	-2.017	0.360	0.038
CCCGA	0.011	84.323	3.096	0.013	0.724	-1.974	0.366	0.044
CCCGC	0.049	77.266	2.526	0.023	0.477	-2.009	0.350	0.040
CCCGG	0.082	79.366	3.838	0.024	0.791	-2.058	0.349	0.045
CCCGT	-0.149	78.793	2.729	0.019	0.765	-2.010	0.366	0.043
CCCTA	-0.255	70.654	2.666	0.042	0.653	-2.139	0.317	0.051
CCCTC	-0.302	69.049	2.400	0.039	0.923	-2.164	0.322	0.061
CCCTG	0.147	72.206	3.151	0.030	0.894	-2.115	0.324	0.051
CCCTT	0.010	71.004	2.140	0.035	0.827	-2.124	0.331	0.056
CCGAA	-0.117	99.135	3.824	0.032	0.713	-2.016	0.366	0.047
CCGAC	-0.060	97.901	3.620	0.017	0.512	-1.984	0.365	0.034
CCGAG	-0.076	97.558	3.759	0.018	0.647	-2.012	0.362	0.047
CCGAT	-0.106	102.080	3.720	0.027	0.519	-1.977	0.361	0.033
CCGCA	-0.216	87.932	3.010	0.025	0.611	-2.022	0.362	0.047
CCGCC	-0.198	84.544	2.631	0.024	0.742	-2.006	0.367	0.043
CCGCG	-0.009	87.647	2.569	0.020	0.339	-1.925	0.390	0.027
CCGCT	-0.217	90.242	2.932	0.027	0.688	-2.005	0.359	0.043
CCGGA	-0.086	107.509	4.649	0.020	0.667	-1.962	0.375	0.051
CCGGC	-0.148	96.123	3.367	0.020	0.682	-2.002	0.379	0.046
CCGGG	0.013	95.512	4.176	0.025	0.664	-1.985	0.380	0.047
CCGGT	-0.029	100.170	4.033	0.016	0.507	-1.953	0.371	0.041
CCGTA	-0.214	93.608	3.303	0.024	0.650	-2.000	0.384	0.042
CCGTC	-0.099	90.379	3.186	0.017	0.709	-2.026	0.357	0.042
CCGTG	0.002	90.877	2.724	0.017	0.283	-1.864	0.392	0.027
CCGTT	0.063	93.880	3.076	0.025	0.563	-1.992	0.365	0.039
CCTAA	-0.173	82.627	2.688	0.030	0.747	-2.022	0.349	0.040
CCTAC	0.041	78.954	2.264	0.025	0.767	-2.088	0.350	0.061
CCTAG	0.075	84.263	3.722	0.019	0.823	-2.037	0.352	0.042
CCTAT	0.047	82.927	2.128	0.026	0.825	-2.018	0.351	0.049
CCTCA	0.005	73.937	1.895	0.042	0.687	-2.086	0.336	0.041
CCTCC	-0.446	72.106	2.353	0.067	0.905	-2.248	0.317	0.098
CCTCG	0.293	75.021	2.247	0.047	0.532	-2.053	0.334	0.037
CCTCT	0.420	74.853	2.034	0.060	0.630	-2.102	0.326	0.042
CCTGA	0.025	94.216	3.487	0.015	0.516	-1.963	0.375	0.037
CCTGC	0.011	84.548	2.727	0.014	0.688	-1.979	0.365	0.051
CCTGG	-0.020	89.242	3.610	0.015	0.542	-2.010	0.360	0.042
CCTGT	0.029	87.294	2.829	0.017	0.618	-1.984	0.367	0.040
CCTTA	0.058	75.818	1.996	0.033	0.832	-2.075	0.351	0.049
CCTTC	-0.109	75.023	1.761	0.057	0.697	-2.130	0.327	0.054
CCTTG	0.502	77.711	2.400	0.053	0.675	-2.063	0.339	0.045
CCTTT	0.104	76.186	1.817	0.039	0.720	-2.083	0.349	0.048
CGAAA	-0.270	111.858	4.310	0.028	0.663	-2.061	0.361	0.052
CGAAC	0.044	111.142	3.691	0.013	0.541	-2.010	0.343	0.032
CGAAG	-0.190	110.049	3.997	0.027	0.536	-2.054	0.368	0.052
CGAAT	-0.193	116.155	3.327	0.041	0.434	-2.016	0.351	0.037
CGACA	-0.074	108.254	4.296	0.016	0.864	-2.061	0.333	0.041
CGACC	-0.095	108.934	4.419	0.019	0.743	-2.079	0.330	0.044
CGACG	-0.059	109.352	5.057	0.026	0.516	-2.077	0.321	0.038
CGACT	-0.058	113.610	4.445	0.018	0.608	-2.066	0.327	0.039
CGAGA	0.128	116.677	3.655	0.030	0.728	-2.023	0.353	0.045
CGAGC	-0.120	110.531	5.289	0.032	0.391	-2.096	0.331	0.048
CGAGG	0.021	111.765	3.323	0.015	0.373	-1.916	0.391	0.032
CGAGT	-0.030	112.317	3.623	0.021	0.637	-2.029	0.341	0.040
CGATA	-0.011	117.633	3.712	0.012	0.784	-2.036	0.335	0.036
CGATC	-0.006	117.546	3.519	0.011	0.643	-2.050	0.326	0.036
CGATG	-0.034	112.865	5.487	0.027	0.507	-2.065	0.330	0.040
CGATT	-0.049	120.208	3.975	0.018	0.541	-2.045	0.333	0.037
CGCAA	-0.028	98.564	3.928	0.015	0.464	-2.086	0.336	0.049
CGCAC	-0.105	100.702	3.840	0.026	0.440	-2.081	0.313	0.038
CGCAG	0.049	97.119	3.869	0.025	0.483	-2.074	0.350	0.050
CGCAT	-0.062	98.509	3.878	0.017	0.530	-2.084	0.331	0.045
CGCCA	-0.073	94.412	3.431	0.013	0.632	-2.083	0.320	0.041
CGCCC	-0.220	95.504	3.641	0.033	0.920	-2.078	0.315	0.047
CGCCG	0.009	95.289	3.401	0.015	0.544	-2.106	0.316	0.045
CGCCT	-0.140	95.488	3.956	0.022	0.575	-2.090	0.319	0.043
CGCGA	0.200	89.337	5.799	0.047	0.537	-2.111	0.349	0.050
CGCGC	-0.136	90.672	5.638	0.040	0.554	-2.133	0.362	0.070
CGCGG	0.030	93.937	4.627	0.020	0.545	-2.150	0.327	0.059
CGCGT	-0.418	89.791	6.280	0.069	0.744	-2.175	0.368	0.090
CGCTA	-0.058	102.235	3.169	0.011	0.586	-2.059	0.332	0.040
CGCTC	-0.040	102.485	3.303	0.012	0.553	-2.089	0.311	0.038
CGCTG	0.048	101.471	3.481	0.023	0.550	-2.085	0.331	0.046
CGCTT	-0.090	101.489	3.931	0.019	0.547	-2.078	0.322	0.040
CGGAA	-0.417	124.131	3.424	0.054	0.529	-1.947	0.368	0.029
CGGAC	-0.459	121.779	3.355	0.060	0.484	-1.961	0.369	0.029
CGGAG	-0.294	123.949	3.091	0.040	0.537	-1.919	0.388	0.028
CGGAT	-0.521	129.838	2.940	0.050	0.285	-1.921	0.376	0.026
CGGCA	-0.599	106.954	4.663	0.094	0.700	-2.142	0.319	0.058
CGGCC	-0.554	103.858	3.960	0.073	0.450	-2.138	0.316	0.062
CGGCG	-0.230	108.967	2.887	0.045	0.370	-1.899	0.365	0.026
CGGCT	-0.767	110.837	4.711	0.111	0.672	-2.130	0.314	0.056
CGGGA	0.112	115.506	3.237	0.034	0.762	-1.957	0.384	0.056
CGGGC	-0.147	113.832	4.141	0.036	0.513	-1.970	0.393	0.041
CGGGG	0.081	114.013	3.077	0.032	0.313	-1.954	0.377	0.037
CGGGT	0.019	115.147	3.902	0.019	0.561	-2.006	0.347	0.035
CGGTA	-0.180	123.761	2.839	0.026	0.522	-1.941	0.360	0.033
CGGTC	-0.292	118.938	2.743	0.033	0.745	-1.948	0.370	0.031
CGGTG	-0.182	119.001	3.087	0.027	0.638	-1.966	0.360	0.033
CGGTT	-0.253	122.352	2.817	0.023	0.561	-1.909	0.362	0.034
CGTAA	-0.046	99.092	5.527	0.029	0.625	-2.119	0.365	0.069
CGTAC	-0.013	102.321	5.387	0.028	0.573	-2.020	0.338	0.038
CGTAG	0.182	99.511	5.685	0.036	0.621	-2.129	0.359	0.067
CGTAT	-0.089	99.720	5.666	0.029	0.640	-2.111	0.356	0.062
CGTCA	-0.025	98.345	4.494	0.023	0.504	-2.054	0.317	0.032
CGTCC	-0.091	101.066	4.737	0.032	0.469	-2.072	0.312	0.035
CGTCG	0.094	99.272	4.695	0.023	0.358	-2.080	0.326	0.041
CGTCT	0.057	100.451	4.808	0.027	0.420	-2.054	0.318	0.032
CGTGA	0.468	92.156	4.945	0.051	0.595	-2.091	0.341	0.045
CGTGC	0.099	88.518	7.185	0.072	1.057	-2.176	0.359	0.091
CGTGG	0.079	94.290	5.000	0.022	0.668	-2.114	0.336	0.044
CGTGT	0.317	90.137	7.125	0.092	0.781	-2.147	0.354	0.069
CGTTA	-0.017	97.662	4.234	0.016	0.527	-2.049	0.337	0.038
CGTTC	0.013	100.149	4.291	0.022	0.430	-2.039	0.319	0.031
CGTTG	-0.076	98.256	4.698	0.018	0.530	-2.074	0.353	0.050
CGTTT	-0.004	99.071	5.013	0.025	0.566	-2.016	0.339	0.034
CTAAA	-0.170	94.582	3.225	0.032	0.685	-2.050	0.356	0.048
CTAAC	-0.311	92.540	2.936	0.042	0.735	-2.098	0.344	0.054
CTAAG	-0.222	92.782	3.218	0.022	0.717	-2.064	0.357	0.052
CTAAT	-0.203	98.303	3.010	0.029	0.737	-2.027	0.370	0.047
CTACA	-0.096	80.340	1.950	0.042	0.498	-2.010	0.404	0.052
CTACC	0.073	77.076	1.775	0.041	0.481	-2.009	0.388	0.047
CTACG	-0.061	80.419	1.819	0.036	0.362	-1.942	0.388	0.029
CTACT	0.133	83.710	1.939	0.035	0.502	-1.999	0.390	0.045
CTAGA	0.052	108.285	3.978	0.018	0.705	-1.966	0.394	0.043
CTAGC	-0.013	97.935	3.547	0.036	0.642	-1.969	0.374	0.046
CTAGG	0.093	97.867	4.010	0.026	0.944	-2.092	0.383	0.073
CTAGT	-0.036	100.563	3.251	0.014	0.602	-1.957	0.375	0.043
CTATA	-0.002	95.708	2.572	0.015	0.663	-2.021	0.379	0.047
CTATC	-0.133	92.784	2.560	0.028	0.692	-2.031	0.365	0.043
CTATG	0.015	90.862	2.546	0.026	0.578	-2.027	0.372	0.047
CTATT	-0.092	96.667	2.471	0.018	0.549	-1.987	0.367	0.035
CTCAA	-0.174	79.176	2.305	0.029	0.491	-2.028	0.359	0.040
CTCAC	-0.121	76.531	1.993	0.034	0.740	-2.147	0.363	0.073
CTCAG	-0.062	78.025	2.954	0.022	0.621	-2.067	0.352	0.048
CTCAT	0.143	79.875	1.996	0.028	0.690	-2.034	0.364	0.047
CTCCA	0.207	70.314	1.911	0.056	0.586	-2.014	0.379	0.047
CTCCC	0.527	67.867	2.212	0.072	0.658	-2.093	0.349	0.057
CTCCG	0.285	70.877	2.044	0.035	0.417	-2.017	0.346	0.035
CTCCT	0.150	71.181	1.921	0.046	0.567	-2.056	0.382	0.054
CTCGA	0.093	85.721	2.634	0.024	0.629	-1.988	0.372	0.047
CTCGC	-0.065	79.783	2.192	0.016	0.569	-1.998	0.379	0.038
CTCGG	-0.031	82.488	2.801	0.020	0.790	-2.061	0.365	0.062
CTCGT	0.083	81.864	2.160	0.037	0.652	-2.012	0.374	0.048
CTCTA	-0.351	79.982	2.210	0.045	0.678	-2.104	0.372	0.061
CTCTC	-0.002	77.121	1.824	0.031	0.352	-2.034	0.392	0.054
CTCTG	0.100	79.530	2.132	0.027	0.576	-2.035	0.374	0.048
CTCTT	-0.095	78.729	1.799	0.045	0.527	-2.045	0.401	0.059
CTGAA	-0.141	109.184	4.052	0.021	0.703	-1.999	0.372	0.045
CTGAC	-0.189	108.605	3.715	0.025	0.745	-1.990	0.378	0.043
CTGAG	-0.140	107.950	3.933	0.024	0.643	-1.996	0.370	0.040
CTGAT	-0.256	113.442	3.879	0.035	0.756	-1.973	0.389	0.042
CTGCA	-0.174	95.409	3.168	0.018	0.716	-2.016	0.367	0.041
CTGCC	-0.290	92.162	2.851	0.027	0.878	-2.037	0.373	0.054
CTGCG	0.013	95.256	2.899	0.013	0.549	-1.974	0.386	0.040
CTGCT	-0.256	98.083	3.075	0.036	0.751	-1.999	0.374	0.043
CTGGA	-0.041	109.753	3.427	0.013	0.626	-1.938	0.395	0.039
CTGGC	-0.212	103.467	4.160	0.034	0.514	-2.019	0.366	0.040
CTGGG	-0.063	103.576	3.407	0.021	0.743	-2.001	0.380	0.050
CTGGT	-0.133	106.711	3.102	0.023	0.739	-1.962	0.375	0.046
CTGTA	-0.061	103.939	3.705	0.015	0.668	-2.019	0.367	0.041
CTGTC	-0.020	100.386	3.544	0.012	0.784	-2.027	0.373	0.046
CTGTG	-0.094	101.103	3.334	0.012	0.453	-1.957	0.379	0.033
CTGTT	-0.146	104.026	3.588	0.032	0.646	-2.018	0.364	0.041
CTTAA	-0.230	84.204	2.424	0.031	0.697	-2.049	0.354	0.044
CTTAC	-0.305	81.622	2.407	0.043	0.736	-2.105	0.368	0.068
CTTAG	-0.067	84.953	3.034	0.031	0.781	-2.060	0.349	0.048
CTTAT	0.108	84.878	2.243	0.035	0.756	-2.028	0.364	0.049
CTTCA	0.076	77.436	1.704	0.057	0.400	-2.001	0.397	0.044
CTTCC	-0.232	74.101	1.497	0.059	0.284	-1.940	0.382	0.033
CTTCG	0.052	77.931	1.741	0.040	0.463	-1.984	0.378	0.037
CTTCT	0.248	77.817	1.722	0.053	0.560	-2.079	0.377	0.059
CTTGA	0.075	91.720	3.010	0.023	0.623	-1.929	0.401	0.036
CTTGC	-0.086	84.708	2.472	0.023	0.841	-2.030	0.376	0.055
CTTGG	0.060	88.901	3.061	0.012	0.771	-1.991	0.383	0.056
CTTGT	0.005	86.874	2.434	0.013	0.747	-1.986	0.389	0.051
CTTTA	0.002	79.407	1.844	0.038	0.518	-2.007	0.390	0.047
CTTTC	0.034	77.490	1.665	0.057	0.481	-2.003	0.428	0.060
CTTTG	0.223	80.494	1.767	0.045	0.569	-1.992	0.389	0.042
CTTTT	-0.090	79.485	1.681	0.049	0.630	-2.036	0.421	0.063
GAAAA	-0.097	107.563	2.951	0.030	0.788	-2.022	0.395	0.053
GAAAC	0.078	107.068	2.647	0.021	0.427	-1.937	0.368	0.023
GAAAG	0.048	105.594	3.043	0.018	0.585	-2.056	0.397	0.063
GAAAT	0.068	112.510	2.855	0.023	0.954	-2.008	0.426	0.063
GAACA	0.146	95.661	2.731	0.042	0.429	-2.008	0.338	0.032
GAACC	0.126	94.339	3.175	0.016	0.617	-2.051	0.329	0.032
GAACG	0.052	97.077	3.230	0.012	0.568	-2.017	0.328	0.038
GAACT	0.003	100.742	2.734	0.027	0.553	-2.023	0.337	0.029
GAAGA	0.185	105.463	3.678	0.023	0.441	-1.925	0.385	0.029
GAAGC	0.029	102.669	4.821	0.035	0.310	-1.970	0.408	0.045
GAAGG	0.143	106.321	3.097	0.024	0.421	-2.000	0.414	0.052
GAAGT	-0.127	104.089	4.088	0.034	0.260	-1.915	0.388	0.027
GAATA	-0.184	112.722	2.542	0.024	1.021	-1.897	0.374	0.053
GAATC	0.019	110.606	2.409	0.022	0.814	-1.880	0.359	0.042
GAATG	-0.205	108.336	3.333	0.038	0.868	-1.994	0.349	0.039
GAATT	-0.084	113.075	2.581	0.022	0.971	-1.926	0.371	0.051
GACAA	0.343	81.115	3.493	0.050	0.575	-2.008	0.382	0.049
GACAC	0.004	83.590	3.510	0.018	0.791	-2.104	0.329	0.050
GACAG	0.170	81.691	3.017	0.027	0.688	-1.951	0.362	0.030
GACAT	0.073	82.934	3.475	0.020	0.872	-2.104	0.355	0.065
GACCA	0.280	79.119	2.488	0.041	0.744	-2.138	0.320	0.059
GACCC	0.102	78.853	3.097	0.024	0.787	-2.091	0.325	0.045
GACCG	0.353	79.937	2.744	0.047	0.641	-2.077	0.347	0.053
GACCT	0.019	79.283	3.220	0.019	0.696	-2.129	0.323	0.057
GACGA	0.266	74.017	2.785	0.023	0.463	-1.796	0.386	0.033
GACGC	0.341	71.875	2.950	0.032	0.342	-1.809	0.369	0.029
GACGG	0.114	77.160	3.128	0.029	0.451	-1.850	0.373	0.032
GACGT	0.343	74.095	2.742	0.043	0.408	-1.773	0.371	0.028
GACTA	0.401	90.827	2.181	0.045	0.696	-2.028	0.329	0.042
GACTC	0.075	89.311	2.514	0.034	0.575	-2.073	0.318	0.037
GACTG	0.367	89.737	2.713	0.053	0.564	-2.029	0.344	0.040
GACTT	-0.062	88.606	3.213	0.011	0.879	-2.116	0.324	0.053
GAGAA	-0.213	125.866	4.740	0.031	0.597	-2.100	0.371	0.060
GAGAC	-0.091	122.813	4.884	0.034	0.603	-2.165	0.334	0.062
GAGAG	-0.205	124.315	4.928	0.035	0.617	-2.127	0.374	0.069
GAGAT	-0.157	130.573	5.134	0.045	0.605	-2.106	0.336	0.047
GAGCA	-0.073	107.930	3.373	0.018	0.738	-2.030	0.404	0.057
GAGCC	0.115	104.851	2.903	0.038	0.551	-2.042	0.380	0.052
GAGCG	-0.235	110.832	2.906	0.038	0.375	-1.913	0.411	0.033
GAGCT	0.065	113.308	2.968	0.027	0.722	-2.061	0.391	0.062
GAGGA	0.281	111.098	4.893	0.042	0.583	-2.152	0.381	0.085
GAGGC	-0.012	114.813	5.966	0.024	0.555	-2.134	0.383	0.073
GAGGG	-0.017	115.488	6.915	0.051	0.623	-2.242	0.343	0.099
GAGGT	0.142	111.767	5.092	0.023	0.581	-2.161	0.388	0.092
GAGTA	-0.189	124.965	3.532	0.032	0.563	-1.973	0.410	0.042
GAGTC	-0.244	118.700	3.754	0.037	0.616	-2.063	0.380	0.056
GAGTG	-0.086	122.163	3.332	0.019	0.251	-1.907	0.373	0.020
GAGTT	-0.101	124.965	3.090	0.024	0.265	-1.892	0.409	0.027
GATAA	0.284	87.867	5.803	0.063	0.747	-2.054	0.373	0.056
GATAC	0.079	92.683	5.420	0.024	0.729	-2.061	0.342	0.044
GATAG	0.226	90.074	4.439	0.041	0.546	-1.947	0.378	0.033
GATAT	0.154	88.664	5.775	0.037	0.654	-2.060	0.358	0.051
GATCA	0.169	92.085	4.638	0.031	0.646	-2.082	0.333	0.045
GATCC	0.061	93.365	5.493	0.029	0.557	-2.061	0.321	0.036
GATCG	0.062	94.169	4.826	0.022	0.667	-2.108	0.327	0.049
GATCT	0.060	93.130	5.285	0.024	0.653	-2.095	0.327	0.043
GATGA	0.224	77.792	3.169	0.030	0.487	-1.780	0.392	0.030
GATGC	0.180	74.209	3.112	0.017	0.464	-1.765	0.389	0.032
GATGG	0.024	81.489	3.665	0.012	0.292	-1.809	0.373	0.022
GATGT	0.251	75.591	3.052	0.021	0.805	-1.757	0.406	0.046
GATTA	0.213	95.158	3.852	0.034	0.732	-2.084	0.345	0.052
GATTC	0.077	94.619	4.571	0.022	0.554	-2.052	0.326	0.033
GATTG	-0.002	95.300	4.903	0.016	0.807	-2.130	0.338	0.063
GATTT	0.080	92.679	5.348	0.025	0.711	-2.089	0.335	0.049
GCAAA	-0.128	85.476	3.365	0.018	0.532	-2.010	0.340	0.034
GCAAC	0.168	83.321	2.489	0.018	0.764	-2.021	0.354	0.047
GCAAG	-0.000	83.505	3.613	0.015	0.569	-2.019	0.330	0.033
GCAAT	0.122	87.461	2.819	0.011	0.604	-1.997	0.353	0.036
GCACA	0.012	73.206	2.426	0.027	0.752	-2.036	0.341	0.042
GCACC	0.438	70.725	2.125	0.058	0.628	-2.039	0.342	0.040
GCACG	0.384	74.078	2.106	0.037	0.302	-1.842	0.363	0.024
GCACT	0.400	77.253	2.079	0.034	0.644	-2.058	0.335	0.042
GCAGA	0.166	101.177	4.896	0.031	0.877	-2.172	0.366	0.088
GCAGC	0.096	90.979	3.446	0.018	0.512	-1.972	0.360	0.032
GCAGG	0.002	89.375	4.494	0.024	0.737	-2.091	0.377	0.069
GCAGT	0.059	93.325	3.951	0.012	0.542	-1.987	0.349	0.037
GCATA	-0.023	83.727	2.318	0.025	0.784	-2.017	0.383	0.053
GCATC	0.131	81.320	2.326	0.019	0.780	-2.043	0.355	0.047
GCATG	0.366	80.971	2.188	0.042	0.663	-1.917	0.389	0.032
GCATT	0.173	85.842	2.176	0.020	0.730	-2.023	0.360	0.044
GCCAA	0.267	73.628	2.322	0.022	0.741	-2.063	0.327	0.040
GCCAC	0.771	71.895	1.977	0.063	0.834	-2.027	0.340	0.037
GCCAG	0.213	71.969	2.930	0.018	0.857	-2.085	0.340	0.052
GCCAT	0.255	74.282	2.054	0.034	0.883	-2.066	0.331	0.043
GCCCA	0.423	64.778	2.501	0.037	0.683	-2.064	0.329	0.041
GCCCC	0.425	64.760	2.930	0.035	0.599	-2.120	0.317	0.056
GCCCG	0.256	65.919	2.768	0.038	0.638	-2.099	0.326	0.051
GCCCT	0.529	66.289	2.318	0.057	0.554	-2.038	0.325	0.032
GCCGA	0.176	81.513	2.811	0.025	0.571	-1.977	0.351	0.042
GCCGC	0.164	76.126	2.305	0.021	0.487	-1.992	0.345	0.030
GCCGG	0.128	77.096	3.175	0.028	0.596	-2.050	0.335	0.046
GCCGT	0.317	77.515	2.342	0.033	0.615	-2.031	0.345	0.039
GCCTA	0.082	69.275	2.567	0.019	0.998	-2.087	0.337	0.052
GCCTC	0.196	68.737	2.387	0.036	0.990	-2.098	0.325	0.050
GCCTG	0.194	71.084	2.771	0.022	0.577	-2.090	0.312	0.040
GCCTT	0.313	71.493	2.201	0.038	1.044	-2.067	0.339	0.046
GCGAA	0.025	93.185	3.541	0.013	0.448	-1.954	0.377	0.029
GCGAC	-0.002	92.212	3.506	0.015	0.314	-1.944	0.369	0.025
GCGAG	0.002	91.099	3.688	0.016	0.613	-1.951	0.381	0.039
GCGAT	0.065	96.899	3.632	0.012	0.453	-1.961	0.380	0.033
GCGCA	0.049	81.201	2.937	0.015	0.494	-1.950	0.366	0.038
GCGCC	-0.027	78.659	2.781	0.020	0.483	-1.947	0.361	0.029
GCGCG	0.010	81.204	2.795	0.019	0.490	-2.007	0.390	0.043
GCGCT	0.033	84.359	2.783	0.016	0.394	-1.963	0.359	0.027
GCGGA	0.129	101.731	4.357	0.024	0.440	-1.974	0.377	0.031
GCGGC	0.060	91.334	3.450	0.014	0.481	-1.930	0.396	0.033
GCGGG	0.094	89.184	3.999	0.020	0.567	-1.938	0.371	0.031
GCGGT	0.107	94.064	3.665	0.017	0.405	-1.930	0.372	0.027
GCGTA	0.071	85.784	3.178	0.026	0.366	-2.000	0.371	0.038
GCGTC	0.053	83.650	2.963	0.018	0.340	-1.969	0.356	0.029
GCGTG	-0.050	84.037	2.959	0.016	0.331	-1.948	0.405	0.038
GCGTT	-0.016	87.241	2.801	0.012	0.445	-1.998	0.375	0.040
GCTAA	0.076	83.955	2.756	0.020	0.536	-2.007	0.345	0.034
GCTAC	0.078	84.002	3.320	0.024	1.040	-2.197	0.319	0.083
GCTAG	-0.128	84.329	3.255	0.026	0.639	-2.026	0.340	0.036
GCTAT	0.442	84.366	2.412	0.042	0.568	-2.019	0.341	0.035
GCTCA	0.521	76.723	3.234	0.068	0.746	-2.053	0.346	0.051
GCTCC	0.105	77.576	3.612	0.015	0.936	-2.186	0.313	0.074
GCTCG	0.313	77.818	2.861	0.040	0.591	-1.985	0.359	0.041
GCTCT	0.190	79.951	3.832	0.030	0.766	-2.164	0.317	0.067
GCTGA	0.123	90.262	3.125	0.023	0.511	-1.951	0.366	0.034
GCTGC	0.189	83.039	2.400	0.034	0.509	-1.956	0.361	0.030
GCTGG	0.134	86.111	3.141	0.023	0.526	-2.004	0.351	0.035
GCTGT	0.275	84.672	2.458	0.035	0.598	-1.978	0.356	0.037
GCTTA	0.414	77.466	2.369	0.030	0.719	-2.019	0.350	0.040
GCTTC	0.518	77.817	2.933	0.054	0.729	-2.167	0.310	0.066
GCTTG	0.401	79.562	2.606	0.034	0.564	-2.031	0.336	0.036
GCTTT	0.400	79.905	3.194	0.046	0.868	-2.148	0.331	0.070
GGAAA	-0.359	121.071	4.684	0.059	0.374	-2.002	0.362	0.033
GGAAC	-0.405	121.764	4.523	0.060	0.431	-1.950	0.362	0.024
GGAAG	0.080	115.870	4.825	0.026	0.509	-2.028	0.366	0.038
GGAAT	-0.438	124.015	3.796	0.061	0.231	-1.946	0.383	0.029
GGACA	-0.312	118.606	4.072	0.040	0.418	-2.007	0.335	0.025
GGACC	-0.374	119.669	3.505	0.039	0.328	-2.007	0.318	0.027
GGACG	-0.290	121.125	3.604	0.036	0.294	-1.937	0.339	0.019
GGACT	-0.292	123.928	2.857	0.034	0.423	-1.872	0.359	0.022
GGAGA	-0.147	118.986	5.042	0.045	0.516	-2.063	0.373	0.054
GGAGC	-0.325	122.228	4.792	0.047	0.528	-2.036	0.381	0.050
GGAGG	0.234	114.105	4.282	0.033	0.465	-1.991	0.421	0.049
GGAGT	0.003	116.044	5.867	0.032	0.492	-2.131	0.370	0.075
GGATA	-0.408	127.239	3.846	0.052	0.408	-1.910	0.350	0.025
GGATC	-0.372	127.457	3.637	0.049	0.454	-1.950	0.350	0.026
GGATG	-0.413	125.784	4.434	0.051	0.374	-1.920	0.354	0.026
GGATT	-0.127	130.524	3.025	0.028	0.337	-1.854	0.354	0.023
GGCAA	-0.227	108.659	3.010	0.029	0.457	-1.885	0.385	0.024
GGCAC	-0.177	110.811	2.767	0.021	0.576	-1.901	0.374	0.025
GGCAG	0.107	105.980	3.258	0.028	0.411	-1.948	0.392	0.033
GGCAT	-0.202	108.713	3.016	0.033	0.496	-1.889	0.380	0.023
GGCCA	-0.098	103.299	2.832	0.025	0.344	-1.898	0.361	0.021
GGCCC	0.083	105.271	2.530	0.024	0.255	-1.899	0.347	0.024
GGCCG	0.034	104.406	2.793	0.028	0.310	-1.919	0.351	0.024
GGCCT	-0.155	105.404	2.778	0.040	0.404	-1.899	0.358	0.027
GGCGA	0.234	89.358	5.648	0.039	0.601	-2.071	0.347	0.044
GGCGC	-0.127	101.456	7.449	0.069	0.621	-2.082	0.335	0.047
GGCGG	-0.055	98.360	6.542	0.046	0.493	-2.106	0.342	0.045
GGCGT	0.019	97.578	7.372	0.047	0.532	-2.085	0.318	0.034
GGCTA	-0.170	111.018	2.962	0.035	0.543	-1.861	0.366	0.029
GGCTC	-0.155	111.801	2.630	0.018	0.574	-1.851	0.366	0.033
GGCTG	-0.180	111.001	3.094	0.026	0.414	-1.886	0.363	0.022
GGCTT	-0.235	112.078	3.110	0.040	0.469	-1.871	0.356	0.030
GGGAA	-0.352	120.604	3.075	0.033	0.431	-1.943	0.410	0.038
GGGAC	-0.263	118.450	2.866	0.046	0.525	-1.920	0.407	0.029
GGGAG	-0.282	120.749	2.716	0.032	0.435	-1.931	0.437	0.043
GGGAT	-0.200	124.147	3.359	0.041	0.610	-1.934	0.396	0.032
GGGCA	0.045	105.675	3.881	0.023	0.426	-2.094	0.388	0.069
GGGCC	-0.003	104.141	4.342	0.033	0.453	-2.055	0.366	0.050
GGGCG	0.087	107.653	3.328	0.021	0.072	-1.906	0.361	0.022
GGGCT	-0.210	114.415	5.666	0.032	0.551	-2.165	0.364	0.083
GGGGA	-0.040	114.711	2.959	0.026	0.414	-1.907	0.405	0.027
GGGGC	-0.206	114.480	3.397	0.039	0.369	-1.972	0.437	0.051
GGGGG	0.217	110.393	3.342	0.044	0.566	-2.046	0.452	0.080
GGGGT	-0.038	114.202	3.320	0.043	0.341	-1.982	0.401	0.039
GGGTA	-0.205	119.788	2.853	0.021	0.501	-1.888	0.427	0.033
GGGTC	-0.111	115.276	2.783	0.033	0.214	-1.907	0.410	0.030
GGGTG	-0.023	116.295	2.760	0.025	0.273	-1.873	0.402	0.026
GGGTT	-0.123	119.669	2.739	0.023	0.080	-1.807	0.409	0.024
GGTAA	0.080	111.907	7.604	0.054	0.500	-2.084	0.347	0.042
GGTAC	-0.275	117.564	7.123	0.059	0.525	-2.034	0.328	0.031
GGTAG	-0.081	106.865	7.735	0.045	0.470	-2.096	0.337	0.043
GGTAT	0.025	112.863	7.528	0.049	0.498	-2.090	0.330	0.040
GGTCA	-0.231	111.107	6.195	0.051	0.617	-2.057	0.343	0.041
GGTCC	-0.328	115.880	4.891	0.057	0.469	-2.019	0.314	0.029
GGTCG	-0.433	113.507	6.444	0.076	0.476	-2.047	0.327	0.032
GGTCT	-0.462	116.144	5.356	0.072	0.352	-1.986	0.329	0.022
GGTGA	0.204	91.066	4.280	0.031	0.440	-1.963	0.366	0.032
GGTGC	0.235	89.480	7.263	0.057	0.687	-2.038	0.350	0.040
GGTGG	0.238	96.458	5.903	0.036	0.671	-2.039	0.361	0.043
GGTGT	0.215	89.633	5.722	0.041	0.667	-2.016	0.347	0.044
GGTTA	0.142	107.843	6.056	0.030	0.579	-2.095	0.344	0.044
GGTTC	-0.027	111.945	6.442	0.043	0.646	-2.097	0.330	0.047
GGTTG	0.146	109.410	7.106	0.046	0.540	-2.111	0.335	0.046
GGTTT	0.050	111.019	7.519	0.051	0.767	-2.098	0.341	0.042
GTAAA	-0.263	89.849	3.244	0.033	0.636	-1.943	0.368	0.041
GTAAC	0.127	88.549	2.597	0.028	0.605	-2.017	0.372	0.045
GTAAG	-0.086	87.716	3.316	0.028	0.555	-1.967	0.365	0.034
GTAAT	0.037	93.190	2.777	0.012	0.452	-1.949	0.367	0.031
GTACA	-0.037	76.814	2.363	0.033	0.692	-1.996	0.361	0.044
GTACC	0.616	74.150	1.987	0.052	0.635	-1.985	0.353	0.039
GTACG	0.597	77.648	2.148	0.051	0.304	-1.864	0.380	0.022
GTACT	0.280	81.755	2.057	0.029	0.651	-2.017	0.351	0.039
GTAGA	0.137	103.068	3.808	0.020	0.541	-1.940	0.393	0.035
GTAGC	0.043	94.234	3.276	0.024	0.510	-1.918	0.382	0.028
GTAGG	-0.068	113.742	4.879	0.023	0.850	-2.096	0.410	0.080
GTAGT	0.099	95.433	3.138	0.017	0.531	-1.921	0.382	0.032
GTATA	-0.002	90.595	2.482	0.024	0.411	-1.980	0.397	0.044
GTATC	0.068	88.201	2.533	0.016	0.647	-2.026	0.367	0.044
GTATG	0.174	87.491	2.358	0.029	0.511	-1.942	0.362	0.033
GTATT	0.071	92.815	2.281	0.024	0.486	-1.976	0.378	0.038
GTCAA	-0.057	77.730	2.337	0.023	0.559	-2.000	0.340	0.038
GTCAC	0.148	76.209	2.348	0.027	0.765	-2.094	0.340	0.056
GTCAG	0.031	76.403	2.994	0.019	0.708	-2.017	0.347	0.041
GTCAT	0.438	78.765	1.972	0.038	0.755	-2.006	0.354	0.048
GTCCA	0.324	69.300	2.236	0.050	0.807	-2.009	0.345	0.045
GTCCC	0.299	67.815	2.712	0.026	0.735	-2.129	0.325	0.060
GTCCG	0.276	70.010	2.347	0.033	0.695	-2.011	0.345	0.036
GTCCT	0.661	70.489	2.310	0.072	0.461	-1.962	0.353	0.028
GTCGA	0.186	83.059	2.510	0.024	0.456	-1.926	0.369	0.029
GTCGC	0.277	78.344	2.281	0.014	0.416	-1.934	0.357	0.027
GTCGG	0.207	79.869	2.689	0.024	0.729	-1.988	0.365	0.046
GTCGT	0.299	79.862	2.144	0.032	0.497	-1.942	0.361	0.031
GTCTA	0.075	78.322	2.111	0.030	0.815	-2.022	0.370	0.048
GTCTC	0.273	76.510	1.956	0.043	0.339	-1.932	0.371	0.029
GTCTG	0.192	78.115	2.151	0.033	0.635	-2.026	0.334	0.040
GTCTT	0.284	78.157	2.035	0.053	0.443	-1.926	0.367	0.027
GTGAA	-0.046	102.220	3.758	0.016	0.533	-1.974	0.383	0.034
GTGAC	-0.028	101.652	3.834	0.024	0.503	-1.959	0.389	0.036
GTGAG	-0.110	100.440	3.879	0.015	0.555	-1.972	0.387	0.040
GTGAT	-0.061	106.612	3.655	0.012	0.603	-1.942	0.391	0.039
GTGCA	0.082	87.449	3.107	0.015	0.372	-1.914	0.380	0.025
GTGCC	0.034	84.360	2.910	0.016	0.479	-1.887	0.366	0.023
GTGCG	-0.114	87.388	2.908	0.021	0.285	-1.921	0.393	0.029
GTGCT	0.075	90.625	2.901	0.017	0.384	-1.911	0.367	0.022
GTGGA	0.155	103.852	3.393	0.027	0.481	-1.898	0.402	0.027
GTGGC	-0.064	97.239	3.571	0.015	0.428	-1.947	0.419	0.042
GTGGG	0.063	95.583	3.580	0.015	0.417	-1.901	0.400	0.028
GTGGT	0.014	100.037	3.144	0.016	0.440	-1.886	0.396	0.025
GTGTA	-0.126	94.618	3.571	0.023	0.469	-1.985	0.394	0.040
GTGTC	-0.029	91.525	3.525	0.016	0.324	-1.958	0.376	0.029
GTGTG	-0.060	91.424	3.298	0.014	0.323	-1.932	0.419	0.038
GTGTT	-0.090	95.819	3.354	0.015	0.509	-1.987	0.389	0.040
GTTAA	-0.045	82.582	2.448	0.036	0.673	-1.954	0.371	0.049
GTTAC	0.273	81.687	2.579	0.051	0.818	-2.096	0.362	0.064
GTTAG	-0.148	82.454	3.089	0.040	0.621	-1.998	0.356	0.036
GTTAT	0.410	83.419	2.159	0.040	0.695	-1.954	0.375	0.041
GTTCA	0.288	76.530	2.173	0.049	0.565	-1.975	0.378	0.040
GTTCC	0.303	75.006	2.557	0.028	1.019	-2.157	0.345	0.081
GTTCG	0.311	76.973	2.175	0.039	0.481	-1.949	0.361	0.031
GTTCT	0.481	77.727	2.425	0.069	0.587	-2.006	0.378	0.047
GTTGA	0.139	88.562	2.924	0.015	0.476	-1.869	0.390	0.031
GTTGC	0.151	82.079	2.297	0.014	0.542	-1.904	0.381	0.034
GTTGG	0.082	85.097	2.947	0.020	0.552	-1.930	0.377	0.036
GTTGT	0.164	83.942	2.366	0.019	0.667	-1.910	0.390	0.048
GTTTA	0.289	78.125	1.979	0.032	0.701	-1.980	0.371	0.045
GTTTC	0.609	77.524	2.022	0.065	0.404	-1.935	0.384	0.036
GTTTG	0.253	79.167	1.964	0.038	0.642	-1.977	0.363	0.035
GTTTT	0.408	78.912	2.193	0.072	0.478	-1.949	0.387	0.038
TAAAA	-0.515	104.624	3.113	0.070	1.239	-2.027	0.389	0.057
TAAAC	-0.254	103.811	2.723	0.047	0.511	-1.982	0.357	0.031
TAAAG	-0.195	103.507	3.041	0.031	0.654	-2.053	0.355	0.052
TAAAT	-0.370	109.557	3.128	0.052	1.914	-2.022	0.444	0.089
TAACA	-0.034	93.905	2.502	0.043	0.651	-2.053	0.372	0.050
TAACC	-0.108	93.108	2.602	0.019	0.492	-2.047	0.347	0.041
TAACG	-0.011	95.127	2.795	0.022	0.573	-1.983	0.357	0.031
TAACT	-0.023	98.928	2.464	0.030	0.426	-2.024	0.358	0.039
TAAGA	0.069	107.997	3.767	0.016	0.979	-1.964	0.398	0.049
TAAGC	0.028	101.200	4.800	0.032	0.584	-2.017	0.355	0.044
TAAGG	-0.029	105.662	3.097	0.019	0.679	-2.048	0.346	0.048
TAAGT	-0.100	104.261	3.756	0.021	0.671	-1.979	0.361	0.035
TAATA	-0.117	109.371	2.490	0.025	1.766	-1.958	0.431	0.081
TAATC	-0.038	107.389	2.355	0.021	0.923	-1.945	0.359	0.041
TAATG	-0.160	104.663	3.355	0.016	0.688	-2.021	0.360	0.042
TAATT	-0.168	110.248	2.654	0.024	1.651	-1.943	0.437	0.080
TACAA	-0.117	83.071	2.731	0.038	0.765	-2.165	0.356	0.081
TACAC	-0.160	83.668	2.720	0.024	0.714	-2.068	0.351	0.049
TACAG	-0.191	80.691	3.297	0.038	0.661	-2.057	0.367	0.052
TACAT	0.050	83.610	2.560	0.037	0.915	-2.166	0.362	0.089
TACCA	-0.100	78.133	2.156	0.036	0.894	-2.176	0.348	0.083
TACCC	-0.230	78.208	2.514	0.047	0.721	-2.088	0.339	0.049
TACCG	-0.285	78.802	2.484	0.063	0.778	-2.150	0.358	0.075
TACCT	-0.204	78.431	2.440	0.038	0.798	-2.096	0.353	0.056
TACGA	0.437	77.990	3.041	0.061	0.612	-2.030	0.374	0.043
TACGC	0.283	76.714	3.244	0.031	0.671	-2.141	0.348	0.065
TACGG	0.092	79.975	3.028	0.021	0.699	-2.069	0.352	0.050
TACGT	0.262	78.596	3.400	0.041	0.700	-2.118	0.359	0.064
TACTA	-0.418	88.928	2.098	0.059	0.643	-2.077	0.358	0.053
TACTC	-0.200	88.000	2.167	0.037	0.619	-2.083	0.354	0.055
TACTG	-0.287	88.235	2.313	0.064	0.512	-2.048	0.378	0.052
TACTT	-0.094	87.770	2.470	0.025	0.603	-2.068	0.363	0.054
TAGAA	-0.332	122.846	4.943	0.042	0.646	-2.046	0.362	0.050
TAGAC	-0.533	121.566	4.697	0.073	0.844	-2.098	0.351	0.062
TAGAG	-0.244	123.070	4.039	0.032	0.588	-2.010	0.371	0.042
TAGAT	-0.518	126.124	7.159	0.124	0.658	-2.084	0.349	0.058
TAGCA	-0.300	106.520	3.123	0.038	0.914	-2.022	0.376	0.057
TAGCC	-0.422	102.174	2.743	0.043	0.783	-2.033	0.369	0.048
TAGCG	-0.388	106.733	3.138	0.044	0.648	-1.972	0.387	0.036
TAGCT	-0.570	110.019	3.224	0.067	1.196	-2.001	0.388	0.054
TAGGA	0.152	102.758	7.190	0.062	0.856	-2.085	0.374	0.062
TAGGC	0.065	97.298	5.843	0.041	0.906	-2.128	0.361	0.065
TAGGG	-0.033	93.745	5.071	0.022	0.994	-2.152	0.343	0.072
TAGGT	0.206	100.908	7.382	0.066	0.767	-2.107	0.358	0.066
TAGTA	-0.197	120.453	3.680	0.038	0.678	-1.981	0.375	0.039
TAGTC	-0.099	116.051	3.592	0.017	1.123	-2.040	0.383	0.056
TAGTG	-0.107	117.338	3.429	0.023	0.679	-1.965	0.372	0.044
TAGTT	-0.102	120.758	3.251	0.021	0.655	-1.976	0.372	0.036
TATAA	-0.118	92.587	4.781	0.028	0.980	-2.201	0.346	0.086
TATAC	-0.139	92.946	5.367	0.043	0.543	-2.079	0.342	0.037
TATAG	0.038	92.855	4.889	0.036	0.840	-2.190	0.343	0.081
TATAT	-0.094	93.181	4.436	0.025	0.794	-2.197	0.336	0.082
TATCA	-0.057	91.295	4.168	0.026	0.781	-2.102	0.344	0.052
TATCC	-0.297	92.302	4.711	0.042	0.662	-2.080	0.330	0.042
TATCG	-0.144	93.113	4.057	0.021	0.583	-2.100	0.348	0.053
TATCT	-0.270	93.011	4.578	0.043	0.586	-2.061	0.345	0.041
TATGA	0.296	81.826	2.737	0.027	0.614	-1.943	0.391	0.037
TATGC	0.192	77.673	2.777	0.024	0.785	-1.937	0.413	0.044
TATGG	0.014	85.366	3.459	0.012	0.575	-2.042	0.370	0.048
TATGT	0.243	78.914	2.661	0.030	0.949	-1.923	0.431	0.047
TATTA	0.249	93.396	3.767	0.052	0.856	-2.163	0.340	0.068
TATTC	0.005	93.020	4.505	0.037	0.752	-2.141	0.322	0.057
TATTG	-0.169	94.703	4.438	0.035	0.678	-2.151	0.346	0.067
TATTT	0.008	92.700	5.214	0.050	0.648	-2.118	0.343	0.056
TCAAA	-0.150	88.413	3.124	0.019	0.633	-2.022	0.352	0.046
TCAAC	-0.230	86.453	2.242	0.036	0.710	-2.038	0.361	0.045
TCAAG	-0.073	86.565	3.422	0.014	0.805	-2.072	0.352	0.054
TCAAT	-0.081	90.510	2.624	0.017	0.615	-2.000	0.345	0.036
TCACA	-0.156	75.815	1.895	0.049	0.226	-1.918	0.416	0.038
TCACC	0.363	74.307	1.437	0.058	0.186	-1.884	0.417	0.035
TCACG	0.261	75.841	1.675	0.045	0.157	-1.872	0.430	0.037
TCACT	0.438	79.554	1.632	0.064	0.470	-1.936	0.386	0.028
TCAGA	0.065	103.391	4.799	0.025	1.051	-2.106	0.372	0.074
TCAGC	-0.024	92.484	3.403	0.017	0.624	-1.945	0.370	0.042
TCAGG	0.033	90.859	4.674	0.023	0.817	-2.061	0.380	0.065
TCAGT	0.017	95.102	3.947	0.015	0.646	-1.981	0.361	0.037
TCATA	-0.097	88.021	2.084	0.029	0.513	-1.952	0.398	0.037
TCATC	-0.180	85.769	2.051	0.037	0.685	-2.016	0.361	0.041
TCATG	-0.346	84.158	2.115	0.041	0.532	-1.987	0.393	0.043
TCATT	-0.309	88.812	1.947	0.039	0.525	-1.957	0.378	0.032
TCCAA	-0.027	74.603	2.102	0.026	0.671	-2.029	0.348	0.039
TCCAC	-0.101	72.970	1.672	0.044	0.687	-2.086	0.364	0.053
TCCAG	-0.074	72.211	2.916	0.034	0.853	-2.136	0.332	0.058
TCCAT	0.099	74.961	1.797	0.032	0.617	-2.024	0.348	0.039
TCCCA	0.295	65.156	1.830	0.061	0.289	-1.956	0.358	0.026
TCCCC	-0.043	65.053	1.884	0.045	0.678	-2.148	0.321	0.062
TCCCG	0.350	65.925	2.041	0.055	0.393	-1.982	0.348	0.028
TCCCT	0.311	66.126	1.706	0.064	0.262	-1.959	0.378	0.033
TCCGA	0.081	82.301	2.808	0.021	0.644	-1.977	0.361	0.045
TCCGC	0.096	76.688	2.224	0.027	0.503	-2.019	0.350	0.032
TCCGG	0.194	77.551	3.029	0.033	0.606	-2.055	0.345	0.042
TCCGT	-0.019	77.704	2.229	0.022	0.641	-2.003	0.363	0.045
TCCTA	0.125	71.436	2.384	0.032	0.708	-2.049	0.367	0.053
TCCTC	0.175	70.696	1.950	0.032	0.521	-2.038	0.388	0.054
TCCTG	0.284	72.845	2.373	0.041	0.654	-2.064	0.342	0.045
TCCTT	-0.012	73.225	1.726	0.055	0.665	-2.099	0.355	0.053
TCGAA	-0.031	98.137	3.460	0.012	0.629	-2.001	0.362	0.042
TCGAC	-0.236	97.308	3.385	0.025	0.595	-1.981	0.361	0.039
TCGAG	-0.063	96.396	3.397	0.018	0.706	-2.004	0.368	0.048
TCGAT	-0.155	100.950	3.363	0.021	0.625	-1.974	0.369	0.038
TCGCA	-0.324	87.802	2.745	0.032	0.699	-2.021	0.362	0.042
TCGCC	-0.323	84.768	2.583	0.044	0.737	-2.065	0.346	0.052
TCGCG	-0.295	87.430	2.564	0.035	0.424	-1.951	0.377	0.038
TCGCT	-0.397	89.804	2.614	0.038	0.623	-2.014	0.353	0.041
TCGGA	0.004	103.745	4.334	0.014	0.638	-1.951	0.367	0.044
TCGGC	-0.159	94.759	3.210	0.027	0.604	-1.984	0.377	0.047
TCGGG	0.039	93.322	3.654	0.019	0.714	-1.982	0.381	0.041
TCGGT	-0.066	97.481	3.551	0.011	0.647	-1.956	0.370	0.041
TCGTA	-0.167	93.200	3.094	0.028	0.536	-2.006	0.368	0.045
TCGTC	-0.271	90.156	2.938	0.041	0.662	-2.036	0.354	0.044
TCGTG	-0.076	90.909	2.617	0.017	0.275	-1.877	0.391	0.025
TCGTT	-0.241	93.329	2.955	0.040	0.654	-2.014	0.357	0.040
TCTAA	0.071	83.842	2.260	0.043	0.553	-2.001	0.355	0.032
TCTAC	-0.089	82.723	2.275	0.032	0.886	-2.196	0.347	0.090
TCTAG	-0.048	83.836	3.053	0.044	0.719	-2.033	0.351	0.038
TCTAT	0.310	83.684	1.899	0.041	0.681	-1.979	0.363	0.039
TCTCA	0.603	75.341	2.517	0.062	1.196	-2.203	0.358	0.102
TCTCC	0.452	74.803	2.222	0.070	0.731	-2.158	0.341	0.067
TCTCG	-0.093	77.720	2.767	0.031	0.792	-2.174	0.331	0.068
TCTCT	-0.533	79.297	2.665	0.073	1.006	-2.269	0.301	0.094
TCTGA	0.112	91.189	3.208	0.023	0.561	-1.947	0.370	0.040
TCTGC	0.199	83.743	2.307	0.029	0.625	-2.001	0.361	0.037
TCTGG	0.143	86.835	3.062	0.016	0.620	-2.011	0.364	0.041
TCTGT	0.181	85.316	2.392	0.027	0.626	-1.972	0.371	0.036
TCTTA	0.571	77.693	1.920	0.064	0.661	-2.103	0.358	0.064
TCTTC	0.368	76.500	1.787	0.065	0.739	-2.172	0.364	0.085
TCTTG	0.263	80.382	2.550	0.020	0.798	-2.082	0.365	0.060
TCTTT	-0.370	80.396	2.392	0.058	0.927	-2.245	0.327	0.098
TGAAA	-0.200	117.525	4.599	0.031	0.566	-2.074	0.373	0.059
TGAAC	0.006	117.979	4.229	0.015	0.345	-2.022	0.340	0.034
TGAAG	-0.032	115.056	4.262	0.014	0.543	-2.079	0.380	0.064
TGAAT	-0.147	120.615	3.914	0.018	0.509	-2.032	0.363	0.044
TGACA	-0.160	116.296	4.304	0.024	0.747	-2.043	0.336	0.042
TGACC	-0.142	117.741	3.968	0.026	0.762	-2.054	0.329	0.039
TGACG	-0.072	118.087	4.333	0.021	0.411	-2.054	0.317	0.033
TGACT	-0.163	121.572	3.940	0.025	0.470	-2.032	0.330	0.033
TGAGA	0.093	117.241	3.805	0.019	0.554	-2.011	0.353	0.034
TGAGC	-0.077	117.049	5.140	0.025	0.475	-2.113	0.369	0.067
TGAGG	0.066	114.531	3.750	0.014	0.335	-1.951	0.414	0.040
TGAGT	0.027	115.169	4.442	0.017	0.767	-2.011	0.350	0.035
TGATA	-0.006	123.890	4.086	0.017	0.512	-2.033	0.325	0.032
TGATC	-0.097	124.473	3.907	0.014	0.414	-2.043	0.323	0.032
TGATG	-0.109	121.451	5.134	0.027	0.494	-2.041	0.324	0.033
TGATT	-0.097	127.387	4.092	0.026	0.571	-2.040	0.332	0.037
TGCAA	0.027	105.328	3.676	0.015	0.862	-2.057	0.346	0.045
TGCAC	-0.199	107.855	3.579	0.025	0.996	-2.045	0.345	0.044
TGCAG	-0.008	103.532	3.682	0.018	0.537	-2.094	0.351	0.056
TGCAT	-0.109	105.366	3.685	0.018	0.737	-2.058	0.337	0.043
TGCCA	-0.115	100.832	3.148	0.017	0.677	-2.074	0.324	0.041
TGCCC	-0.246	102.730	3.177	0.028	0.937	-2.075	0.326	0.045
TGCCG	-0.134	101.827	3.164	0.024	0.511	-2.093	0.319	0.043
TGCCT	-0.271	102.365	3.397	0.034	0.646	-2.078	0.320	0.040
TGCGA	0.010	92.957	7.374	0.056	0.831	-2.157	0.366	0.083
TGCGC	-0.151	98.387	5.289	0.031	0.531	-2.068	0.347	0.047
TGCGG	-0.211	100.190	5.007	0.035	0.718	-2.144	0.352	0.075
TGCGT	-0.116	97.113	5.340	0.026	0.427	-2.109	0.351	0.055
TGCTA	-0.020	107.727	3.280	0.014	1.162	-2.053	0.349	0.047
TGCTC	-0.179	108.661	3.187	0.018	0.619	-2.067	0.324	0.039
TGCTG	-0.122	107.552	3.550	0.015	0.801	-2.071	0.335	0.045
TGCTT	-0.119	108.332	3.736	0.023	1.108	-2.061	0.341	0.046
TGGAA	-0.401	120.422	3.437	0.045	0.530	-1.961	0.381	0.035
TGGAC	-0.461	118.299	3.363	0.053	0.499	-1.972	0.372	0.029
TGGAG	-0.290	120.529	3.007	0.039	0.454	-1.922	0.394	0.030
TGGAT	-0.655	125.469	3.563	0.076	0.550	-1.972	0.380	0.034
TGGCA	-0.226	104.975	3.729	0.036	0.477	-2.094	0.325	0.038
TGGCC	-0.012	103.279	4.258	0.017	0.399	-2.143	0.341	0.060
TGGCG	-0.128	107.579	3.121	0.038	0.282	-1.917	0.379	0.026
TGGCT	0.014	108.229	4.148	0.018	0.670	-2.088	0.339	0.046
TGGGA	-0.027	113.471	3.175	0.018	0.634	-1.936	0.384	0.041
TGGGC	-0.249	112.321	4.041	0.037	0.455	-2.001	0.402	0.051
TGGGG	-0.166	111.764	3.061	0.051	0.493	-1.928	0.406	0.042
TGGGT	-0.246	112.480	4.258	0.032	0.616	-1.984	0.369	0.031
TGGTA	-0.253	119.522	2.837	0.032	0.460	-1.941	0.354	0.024
TGGTC	-0.355	115.077	2.821	0.042	0.559	-1.947	0.364	0.026
TGGTG	-0.119	116.133	2.846	0.021	0.572	-1.958	0.358	0.028
TGGTT	-0.272	119.360	2.804	0.024	0.542	-1.913	0.360	0.032
TGTAA	0.003	108.615	5.051	0.018	0.724	-2.056	0.365	0.054
TGTAC	-0.028	112.175	5.423	0.032	0.616	-2.025	0.333	0.033
TGTAG	-0.155	108.612	5.552	0.027	0.568	-2.094	0.368	0.063
TGTAT	-0.052	109.199	5.119	0.023	0.644	-2.024	0.358	0.042
TGTCA	-0.073	107.550	4.629	0.019	0.936	-2.034	0.338	0.045
TGTCC	-0.121	110.635	4.453	0.027	0.934	-2.062	0.325	0.039
TGTCG	-0.057	108.605	4.829	0.019	0.604	-2.053	0.331	0.038
TGTCT	-0.058	110.566	4.764	0.022	0.682	-2.025	0.332	0.033
TGTGA	0.294	92.140	5.036	0.049	0.742	-2.073	0.370	0.055
TGTGC	-0.160	93.724	9.841	0.069	0.784	-2.146	0.359	0.079
TGTGG	0.027	98.180	7.011	0.041	0.828	-2.159	0.358	0.080
TGTGT	0.229	91.607	8.111	0.074	0.763	-2.158	0.361	0.080
TGTTA	-0.179	105.203	5.070	0.032	0.720	-2.022	0.344	0.036
TGTTC	-0.073	108.596	4.675	0.019	0.641	-2.034	0.321	0.031
TGTTG	-0.094	106.752	5.109	0.024	0.443	-2.022	0.345	0.034
TGTTT	-0.065	108.107	5.133	0.020	0.669	-2.001	0.333	0.031
TTAAA	-0.185	92.639	3.138	0.032	0.752	-2.044	0.360	0.050
TTAAC	-0.242	91.017	2.646	0.043	0.795	-2.063	0.365	0.063
TTAAG	-0.252	90.572	3.146	0.031	0.857	-2.067	0.368	0.057
TTAAT	-0.302	95.729	2.873	0.030	0.671	-2.008	0.366	0.045
TTACA	-0.275	79.918	1.878	0.047	0.536	-1.985	0.417	0.049
TTACC	0.087	77.010	1.716	0.046	0.469	-1.957	0.407	0.040
TTACG	-0.067	80.199	1.853	0.046	0.365	-1.931	0.398	0.029
TTACT	0.269	84.345	1.799	0.063	0.524	-1.973	0.396	0.039
TTAGA	0.035	104.727	3.932	0.021	0.651	-1.946	0.393	0.039
TTAGC	-0.016	95.860	3.258	0.032	0.653	-1.945	0.383	0.044
TTAGG	0.033	93.878	3.584	0.011	1.034	-2.110	0.384	0.076
TTAGT	0.019	97.354	3.164	0.017	0.631	-1.951	0.383	0.039
TTATA	-0.063	94.152	2.409	0.023	0.560	-2.001	0.385	0.048
TTATC	-0.236	91.460	2.473	0.036	0.700	-2.029	0.371	0.043
TTATG	0.022	90.362	2.340	0.026	0.628	-2.002	0.374	0.044
TTATT	-0.408	95.107	2.373	0.039	0.583	-1.971	0.371	0.033
TTCAA	-0.332	79.848	2.367	0.052	0.794	-2.092	0.349	0.050
TTCAC	0.110	77.077	1.952	0.062	0.839	-2.199	0.335	0.082
TTCAG	0.231	76.872	2.869	0.051	0.442	-1.990	0.378	0.041
TTCAT	0.135	80.414	1.927	0.038	0.860	-2.073	0.362	0.056
TTCCA	0.133	70.761	1.905	0.055	0.520	-2.012	0.387	0.047
TTCCC	0.496	68.951	2.103	0.064	0.844	-2.111	0.350	0.060
TTCCG	0.367	71.264	1.849	0.045	0.457	-1.987	0.370	0.037
TTCCT	0.287	72.062	1.810	0.062	0.570	-2.065	0.372	0.053
TTCGA	0.135	84.748	2.448	0.020	0.731	-1.952	0.390	0.048
TTCGC	0.002	80.446	2.358	0.030	0.705	-2.063	0.355	0.047
TTCGG	0.050	81.521	2.722	0.025	0.840	-2.069	0.363	0.064
TTCGT	0.172	81.463	2.105	0.027	0.809	-2.036	0.368	0.050
TTCTA	-0.151	79.631	1.959	0.039	0.679	-2.083	0.381	0.059
TTCTC	0.245	77.006	1.705	0.051	0.459	-2.025	0.406	0.054
TTCTG	0.174	79.903	1.992	0.041	0.581	-2.040	0.368	0.044
TTCTT	-0.022	79.041	1.720	0.055	0.569	-2.088	0.382	0.063
TTGAA	-0.123	106.179	3.707	0.017	0.708	-1.979	0.378	0.041
TTGAC	-0.254	105.751	3.623	0.031	0.723	-1.970	0.381	0.044
TTGAG	-0.023	104.899	3.612	0.018	0.697	-1.997	0.372	0.044
TTGAT	-0.232	110.010	3.609	0.031	0.972	-1.945	0.403	0.056
TTGCA	-0.164	93.770	3.017	0.024	0.684	-1.995	0.376	0.045
TTGCC	-0.333	90.672	2.628	0.033	0.659	-2.047	0.356	0.048
TTGCG	-0.189	93.672	2.866	0.031	0.526	-1.966	0.382	0.038
TTGCT	-0.314	96.343	2.853	0.039	0.678	-1.996	0.368	0.042
TTGGA	-0.081	106.657	3.380	0.009	0.780	-1.917	0.399	0.045
TTGGC	-0.131	101.424	3.628	0.017	0.564	-1.975	0.384	0.038
TTGGG	-0.110	100.345	3.260	0.013	0.710	-1.984	0.386	0.047
TTGGT	-0.136	103.899	3.028	0.027	0.650	-1.932	0.381	0.047
TTGTA	-0.170	101.117	3.521	0.024	0.700	-2.014	0.378	0.045
TTGTC	-0.171	98.052	3.332	0.024	0.699	-2.024	0.365	0.043
TTGTG	-0.039	98.676	3.155	0.008	0.452	-1.937	0.386	0.031
TTGTT	-0.239	101.472	3.392	0.026	0.675	-2.010	0.377	0.044
TTTAA	-0.096	84.025	2.248	0.045	0.755	-2.023	0.375	0.045
TTTAC	-0.082	82.526	2.244	0.044	0.887	-2.120	0.384	0.080
TTTAG	-0.128	83.941	2.965	0.039	0.835	-2.052	0.360	0.048
TTTAT	0.179	84.423	2.024	0.037	0.750	-1.993	0.362	0.048
TTTCA	-0.070	77.948	1.968	0.045	0.702	-2.161	0.348	0.070
TTTCC	0.042	74.989	1.582	0.051	0.526	-1.989	0.403	0.043
TTTCG	-0.198	78.804	2.026	0.047	0.592	-2.075	0.373	0.056
TTTCT	-0.214	79.655	1.980	0.075	0.711	-2.155	0.372	0.085
TTTGA	0.107	89.885	2.867	0.020	0.624	-1.920	0.395	0.042
TTTGC	0.010	83.773	2.452	0.028	0.798	-2.040	0.368	0.049
TTTGG	0.115	86.752	2.824	0.020	0.658	-2.001	0.373	0.045
TTTGT	0.100	85.227	2.368	0.025	0.713	-1.990	0.389	0.050
TTTTA	0.060	79.410	1.784	0.041	0.665	-2.027	0.409	0.058
TTTTC	0.188	77.761	1.556	0.062	0.501	-2.003	0.436	0.062
TTTTG	0.281	80.904	1.920	0.029	0.705	-2.020	0.400	0.053
TTTTT	0.044	80.404	1.842	0.049	0.876	-2.145	0.393	0.086
